Term	Overlap	P-value	Adjusted P-value	Old P-value	Old Adjusted P-value	Odds Ratio	Combined Score	Genes
Response To Cadmium Ion (GO:0046686)	3/21	8.89796935813613E-6	0.002536245840267058	0	0	92.32870370370371	1073.7539685165611	JUN;NCF1;FOS
Cellular Response To Cadmium Ion (GO:0071276)	3/22	1.0289029777959667E-5	0.002536245840267058	0	0	87.46491228070175	1004.4848637498843	JUN;NCF1;FOS
Cellular Response To Oxidative Stress (GO:0034599)	4/117	7.810518953287114E-5	0.012691769338783684	0	0	20.073830594184578	189.84733057327645	JUN;NCF1;PARP1;FOS
Positive Regulation Of Calcium Ion Import Across Plasma Membrane (GO:1905665)	2/8	1.0297581613617593E-4	0.012691769338783684	0	0	179.77477477477478	1650.5151540928723	PPP3CA;PPP3CC
calcineurin-NFAT Signaling Cascade (GO:0033173)	2/10	1.6508979842508767E-4	0.01323080989894651	0	0	134.81756756756758	1174.129027010432	PPP3CA;PPP3CC
Regulation Of Calcium Ion Import Across Plasma Membrane (GO:1905664)	2/10	1.6508979842508767E-4	0.01323080989894651	0	0	134.81756756756758	1174.129027010432	PPP3CA;PPP3CC
Calcineurin-Mediated Signaling (GO:0097720)	2/11	2.01528095808739E-4	0.01323080989894651	0	0	119.83183183183183	1019.718769585136	PPP3CA;PPP3CC
Negative Regulation Of Voltage-Gated Calcium Channel Activity (GO:1901386)	2/12	2.415360833479079E-4	0.01323080989894651	0	0	107.84324324324324	898.1715543742162	PPP3CA;PPP3CC
Positive Regulation Of Voltage-Gated Calcium Channel Activity (GO:1901387)	2/12	2.415360833479079E-4	0.01323080989894651	0	0	107.84324324324324	898.1715543742162	PPP3CA;PPP3CC
Response To Reactive Oxygen Species (GO:0000302)	3/66	2.881297142583939E-4	0.014204794912938818	0	0	26.32010582010582	214.56412893135519	JUN;NCF1;FOS
Cellular Response To Reactive Oxygen Species (GO:0034614)	3/73	3.8794659977370516E-4	0.017387061244403333	0	0	23.679761904761904	185.99607270690328	JUN;NCF1;FOS
Inositol Phosphate-Mediated Signaling (GO:0048016)	2/19	6.204271977547852E-4	0.01911691303081932	0	0	63.41494435612083	468.3258506932697	PPP3CA;PPP3CC
Mesoderm Development (GO:0007498)	2/19	6.204271977547852E-4	0.01911691303081932	0	0	63.41494435612083	468.3258506932697	IKZF1;IKZF3
Positive Regulation Of calcineurin-NFAT Signaling Cascade (GO:0070886)	2/19	6.204271977547852E-4	0.01911691303081932	0	0	63.41494435612083	468.3258506932697	PPP3CA;PPP3CC
Positive Regulation Of Calcineurin-Mediated Signaling (GO:0106058)	2/19	6.204271977547852E-4	0.01911691303081932	0	0	63.41494435612083	468.3258506932697	PPP3CA;PPP3CC
Negative Regulation Of Calcium Ion Transmembrane Transport (GO:1903170)	2/19	6.204271977547852E-4	0.01911691303081932	0	0	63.41494435612083	468.3258506932697	PPP3CA;PPP3CC
Positive Regulation Of Nucleic Acid-Templated Transcription (GO:1903508)	6/557	6.779438345300889E-4	0.019660371201372578	0	0	6.404883682560634	46.7328886522796	JUN;KLF6;NCF1;FOS;FLI1;RUNX1
Lymphocyte Differentiation (GO:0030098)	3/91	7.396308223527508E-4	0.01981171792772096	0	0	18.81912878787879	135.67386274375775	KLF6;ITGA4;IKZF1
B Cell Activation (GO:0042113)	3/92	7.635347680054731E-4	0.01981171792772096	0	0	18.60674157303371	133.55085326855698	KLF6;ITGA4;BANK1
Activation Of GTPase Activity (GO:0090630)	3/102	0.001030007205332029	0.025365093935729645	0	0	16.718855218855218	114.99545410565861	TBC1D9;SIPA1L3;ARHGAP24
Regulation Of B Cell Activation (GO:0050864)	2/25	0.0010804603907714455	0.025365093935729645	0	0	46.85781433607521	320.05611750893536	BANK1;IKZF3
Positive Regulation Of Calcium Ion Transmembrane Transporter Activity (GO:1901021)	2/27	0.0012610318861582476	0.02825857817618255	0	0	43.104864864864865	287.76053172401754	PPP3CA;PPP3CC
Negative Regulation Of Cation Channel Activity (GO:2001258)	2/28	0.0013563647961941543	0.0286934960086762	0	0	41.444906444906444	273.65852489900817	PPP3CA;PPP3CC
Integrated Stress Response Signaling (GO:0140467)	2/29	0.0014550454365454464	0.0286934960086762	0	0	39.907907907907905	260.70711435762723	JUN;FOS
Regulation Of Voltage-Gated Calcium Channel Activity (GO:1901385)	2/29	0.0014550454365454464	0.0286934960086762	0	0	39.907907907907905	260.70711435762723	PPP3CA;PPP3CC
Negative Regulation Of Calcium Ion Transmembrane Transporter Activity (GO:1901020)	2/30	0.0015570610672793503	0.029524273314181525	0	0	38.48069498069498	248.77596779833652	PPP3CA;PPP3CC
Regulation Of calcineurin-NFAT Signaling Cascade (GO:0070884)	2/34	0.0019982199097812034	0.03648601538970864	0	0	33.663851351351354	209.23761892028477	PPP3CA;PPP3CC
Cellular Response To Metal Ion (GO:0071248)	3/135	0.0023012529351580584	0.040392335149371496	0	0	12.518308080808081	76.03997817807058	JUN;NCF1;FOS
Positive Regulation Of DNA-templated Transcription (GO:0045893)	8/1243	0.0023760197146689113	0.040392335149371496	0	0	3.9129685255321927	23.643441554841566	PPP3CA;JUN;KLF6;NCF1;PARP1;FOS;FLI1;RUNX1
Positive Regulation Of Cation Channel Activity (GO:2001259)	2/38	0.00249172839958229	0.04094740336646897	0	0	29.91741741741742	179.34829588302824	PPP3CA;PPP3CC
Positive Regulation Of Myeloid Leukocyte Differentiation (GO:0002763)	2/40	0.002757863788759554	0.043858930576079355	0	0	28.339971550497868	167.01592283916753	PPP3CA;RUNX1
Positive Regulation Of Calcium Ion Transmembrane Transport (GO:1904427)	2/42	0.003036787712055433	0.046124711334512694	0	0	26.92027027027027	156.05559523430742	PPP3CA;PPP3CC
Regulation Of DNA-templated Transcription (GO:0006355)	10/1922	0.0030897777933033273	0.046124711334512694	0	0	3.255121916029433	18.813485245418857	JUN;KLF6;NCF1;PARP1;BCL11A;IKZF1;FOS;IKZF3;FLI1;RUNX1
Positive Regulation Of miRNA Transcription (GO:1902895)	2/43	0.0031810145747939787	0.046124711334512694	0	0	26.262359920896508	151.0231473713992	JUN;FOS
Positive Regulation Of miRNA Metabolic Process (GO:2000630)	2/49	0.00411231401285341	0.05792488023819232	0	0	22.90281771132835	125.82279885864904	JUN;FOS
SMAD Protein Signal Transduction (GO:0060395)	2/51	0.004447575245014844	0.06075206304804917	0	0	21.96580253723111	118.95352403093693	JUN;FOS
Regulation Of Transcription By RNA Polymerase II (GO:0006357)	10/2028	0.004559485462023974	0.06075206304804917	0	0	3.066026451590855	16.527555088738158	PPP3CA;JUN;KLF6;PARP1;BCL11A;IKZF1;FOS;IKZF3;FLI1;RUNX1
Myeloid Cell Differentiation (GO:0030099)	2/57	0.005526497954417647	0.0716990392507342	0	0	19.563636363636363	101.69571304001626	IKZF1;RUNX1
Regulation Of miRNA Transcription (GO:1902893)	2/59	0.005910201744856371	0.07471101180036387	0	0	18.87529634898056	96.85056710220637	JUN;FOS
B Cell Differentiation (GO:0030183)	2/68	0.007782469103082114	0.09201694453992815	0	0	16.294021294021295	79.12183861051456	KLF6;ITGA4
Myeloid Leukocyte Differentiation (GO:0002573)	2/71	0.008458532428141954	0.09201694453992815	0	0	15.583235409322366	74.37223129595927	PARP1;RUNX1
Transforming Growth Factor Beta Receptor Signaling Pathway (GO:0007179)	2/72	0.008689562598728195	0.09201694453992815	0	0	15.35984555984556	72.89218496922079	JUN;FOS
Positive Regulation Of Transcription By RNA Polymerase II (GO:0045944)	6/938	0.00908148330559579	0.09201694453992815	0	0	3.7122512680452595	17.45321519228822	PPP3CA;JUN;KLF6;PARP1;FOS;RUNX1
Positive Regulation Of Granulocyte Differentiation (GO:0030854)	1/5	0.009712915544850792	0.09201694453992815	0	0	131.29605263157896	608.465136485093	RUNX1
Regulation Of Circadian Sleep/Wake Cycle, Sleep (GO:0045187)	1/5	0.009712915544850792	0.09201694453992815	0	0	131.29605263157896	608.465136485093	PARP1
Positive Regulation Of Mitochondrial Membrane Potential (GO:0010918)	1/5	0.009712915544850792	0.09201694453992815	0	0	131.29605263157896	608.465136485093	TCL1A
Positive Regulation Of Necroptotic Process (GO:0060545)	1/5	0.009712915544850792	0.09201694453992815	0	0	131.29605263157896	608.465136485093	PARP1
Positive Regulation Of Programmed Necrotic Cell Death (GO:0062100)	1/5	0.009712915544850792	0.09201694453992815	0	0	131.29605263157896	608.465136485093	PARP1
Negative Regulation Of Transcription From RNA Polymerase II Promoter In Response To Stress (GO:0097201)	1/5	0.009712915544850792	0.09201694453992815	0	0	131.29605263157896	608.465136485093	JUN
Kidney Morphogenesis (GO:0060993)	1/5	0.009712915544850792	0.09201694453992815	0	0	131.29605263157896	608.465136485093	PPP3CA
Peripheral Nervous System Neuron Development (GO:0048935)	1/5	0.009712915544850792	0.09201694453992815	0	0	131.29605263157896	608.465136485093	RUNX1
Double-Strand Break Repair Via Classical Nonhomologous End Joining (GO:0097680)	1/5	0.009712915544850792	0.09201694453992815	0	0	131.29605263157896	608.465136485093	UVRAG
Positive Regulation Of GTPase Activity (GO:0043547)	3/234	0.010597774001021245	0.09201694453992815	0	0	7.117604617604617	32.36454038436694	TBC1D9;SIPA1L3;ARHGAP24
Macromolecule Modification (GO:0043412)	2/81	0.010894340227005344	0.09201694453992815	0	0	13.603831679781047	61.48267875194519	ST6GAL1;PARP1
Positive Regulation Of Kidney Development (GO:0090184)	1/6	0.011644446786079536	0.09201694453992815	0	0	105.03157894736842	467.6978364624713	PPP3CA
Hemostasis (GO:0007599)	1/6	0.011644446786079536	0.09201694453992815	0	0	105.03157894736842	467.6978364624713	FLI1
Negative Regulation Of Ruffle Assembly (GO:1900028)	1/6	0.011644446786079536	0.09201694453992815	0	0	105.03157894736842	467.6978364624713	ARHGAP24
Nuclear Polyadenylation-Dependent ncRNA Catabolic Process (GO:0071046)	1/6	0.011644446786079536	0.09201694453992815	0	0	105.03157894736842	467.6978364624713	ZCCHC7
Nuclear Polyadenylation-Dependent rRNA Catabolic Process (GO:0071035)	1/6	0.011644446786079536	0.09201694453992815	0	0	105.03157894736842	467.6978364624713	ZCCHC7
Nuclear Polyadenylation-Dependent tRNA Catabolic Process (GO:0071038)	1/6	0.011644446786079536	0.09201694453992815	0	0	105.03157894736842	467.6978364624713	ZCCHC7
Regulation Of Saliva Secretion (GO:0046877)	1/6	0.011644446786079536	0.09201694453992815	0	0	105.03157894736842	467.6978364624713	PPP3CA
Positive Regulation Of Autophagosome Maturation (GO:1901098)	1/6	0.011644446786079536	0.09201694453992815	0	0	105.03157894736842	467.6978364624713	UVRAG
Protein Modification Process (GO:0036211)	5/711	0.011859200757783626	0.09201694453992815	0	0	4.010789868355274	17.786454413144508	PPP3CA;UVRAG;PPP3CC;PARP1;PAK2
Calcium-Mediated Signaling (GO:0019722)	2/85	0.011945404565021097	0.09201694453992815	0	0	12.945620319114296	57.31555111887414	PPP3CA;PPP3CC
Regulation Of Peptidyl-Tyrosine Phosphorylation (GO:0050730)	2/90	0.013319334576369671	0.09293260899277934	0	0	12.207002457002456	52.71641095719348	BANK1;PAK2
tRNA Surveillance (GO:0106354)	1/7	0.013572308007059051	0.09293260899277934	0	0	87.5219298245614	376.3201192636575	ZCCHC7
Positive Regulation Of Membrane Potential (GO:0045838)	1/7	0.013572308007059051	0.09293260899277934	0	0	87.5219298245614	376.3201192636575	TCL1A
Lipoxygenase Pathway (GO:0019372)	1/7	0.013572308007059051	0.09293260899277934	0	0	87.5219298245614	376.3201192636575	ALOX5
Phosphatidylserine Acyl-Chain Remodeling (GO:0036150)	1/7	0.013572308007059051	0.09293260899277934	0	0	87.5219298245614	376.3201192636575	OSBPL10
Positive Regulation Of Arp2/3 Complex-Mediated Actin Nucleation (GO:2000601)	1/7	0.013572308007059051	0.09293260899277934	0	0	87.5219298245614	376.3201192636575	FCHSD2
Regulation Of CD8-positive, Alpha-Beta T Cell Differentiation (GO:0043376)	1/7	0.013572308007059051	0.09293260899277934	0	0	87.5219298245614	376.3201192636575	RUNX1
Sialylation (GO:0097503)	1/7	0.013572308007059051	0.09293260899277934	0	0	87.5219298245614	376.3201192636575	ST6GAL1
Peptidyl-Lysine Modification (GO:0018205)	2/94	0.014465713956762766	0.09757504646206656	0	0	11.673913043478262	49.45039194640452	RANBP2;BCL11A
Cellular Response To Transforming Growth Factor Beta Stimulus (GO:0071560)	2/96	0.015054413122996137	0.09757504646206656	0	0	11.424381828637149	47.93766694355468	JUN;FOS
Positive Regulation Of CD8-positive, Alpha-Beta T Cell Activation (GO:2001187)	1/8	0.015496505807542107	0.09757504646206656	0	0	75.01503759398496	312.59821718825697	RUNX1
Regulation Of DNA-templated Transcription Initiation (GO:2000142)	1/8	0.015496505807542107	0.09757504646206656	0	0	75.01503759398496	312.59821718825697	JUN
Negative Regulation Of Alpha-Beta T Cell Differentiation (GO:0046639)	1/8	0.015496505807542107	0.09757504646206656	0	0	75.01503759398496	312.59821718825697	RUNX1
Regulation Of Cellular Response To Oxidative Stress (GO:1900407)	1/9	0.017417046832985512	0.09757504646206656	0	0	65.63486842105263	265.8412914846341	ALOX5
Regulation Of Granulocyte Differentiation (GO:0030852)	1/9	0.017417046832985512	0.09757504646206656	0	0	65.63486842105263	265.8412914846341	RUNX1
SNARE Complex Assembly (GO:0035493)	1/9	0.017417046832985512	0.09757504646206656	0	0	65.63486842105263	265.8412914846341	UVRAG
Wound Healing, Spreading Of Epidermal Cells (GO:0035313)	1/9	0.017417046832985512	0.09757504646206656	0	0	65.63486842105263	265.8412914846341	ARHGAP24
Positive Regulation Of Protein Acetylation (GO:1901985)	1/9	0.017417046832985512	0.09757504646206656	0	0	65.63486842105263	265.8412914846341	DIP2B
Adherens Junction Assembly (GO:0034333)	1/9	0.017417046832985512	0.09757504646206656	0	0	65.63486842105263	265.8412914846341	PAK2
Amino Sugar Metabolic Process (GO:0006040)	1/9	0.017417046832985512	0.09757504646206656	0	0	65.63486842105263	265.8412914846341	ST6GAL1
Nuclear mRNA Surveillance (GO:0071028)	1/9	0.017417046832985512	0.09757504646206656	0	0	65.63486842105263	265.8412914846341	ZCCHC7
Calcium Import Into The Mitochondrion (GO:0036444)	1/9	0.017417046832985512	0.09757504646206656	0	0	65.63486842105263	265.8412914846341	SMDT1
Peptidyl-Serine Dephosphorylation (GO:0070262)	1/9	0.017417046832985512	0.09757504646206656	0	0	65.63486842105263	265.8412914846341	PPP3CA
Skeletal Muscle Tissue Regeneration (GO:0043403)	1/9	0.017417046832985512	0.09757504646206656	0	0	65.63486842105263	265.8412914846341	PPP3CA
Negative Regulation Of Developmental Process (GO:0051093)	2/109	0.019126482621126126	0.0988194558506232	0	0	10.02980550644102	39.6847446883548	PARP1;BCL11A
N-acetylneuraminate Metabolic Process (GO:0006054)	1/10	0.019333937749796665	0.0988194558506232	0	0	58.33918128654971	230.20018425524987	ST6GAL1
Hematopoietic Stem Cell Proliferation (GO:0071425)	1/10	0.019333937749796665	0.0988194558506232	0	0	58.33918128654971	230.20018425524987	RUNX1
Negative Regulation Of Sprouting Angiogenesis (GO:1903671)	1/10	0.019333937749796665	0.0988194558506232	0	0	58.33918128654971	230.20018425524987	ALOX5
Regulation Of Peptidyl-Lysine Acetylation (GO:2000756)	1/10	0.019333937749796665	0.0988194558506232	0	0	58.33918128654971	230.20018425524987	DIP2B
Positive Regulation Of Actin Nucleation (GO:0051127)	1/10	0.019333937749796665	0.0988194558506232	0	0	58.33918128654971	230.20018425524987	FCHSD2
Embryonic Appendage Morphogenesis (GO:0035113)	1/10	0.019333937749796665	0.0988194558506232	0	0	58.33918128654971	230.20018425524987	MBNL1
Positive Regulation Of Epidermal Growth Factor-Activated Receptor Activity (GO:0045741)	1/10	0.019333937749796665	0.0988194558506232	0	0	58.33918128654971	230.20018425524987	NCF1
Regulation Of Protein Serine/Threonine Kinase Activity (GO:0071900)	2/112	0.02012513438921037	0.0988194558506232	0	0	9.754791154791155	38.10012455950027	UVRAG;TCL1A
Negative Regulation Of Defense Response (GO:0031348)	2/112	0.02012513438921037	0.0988194558506232	0	0	9.754791154791155	38.10012455950027	PARP1;ALOX5
Positive Regulation Of Cellular Component Organization (GO:0051130)	2/113	0.020462814286818932	0.0988194558506232	0	0	9.666423179936693	37.594130824574165	TCL1A;RUNX1
Regulation Of Response To Oxidative Stress (GO:1902882)	1/11	0.021247185233602552	0.0988194558506232	0	0	52.502631578947366	202.2155053364779	ALOX5
Phosphatidylinositol-3-Phosphate Biosynthetic Process (GO:0036092)	1/11	0.021247185233602552	0.0988194558506232	0	0	52.502631578947366	202.2155053364779	UVRAG
Mitochondrial Genome Maintenance (GO:0000002)	1/11	0.021247185233602552	0.0988194558506232	0	0	52.502631578947366	202.2155053364779	PARP1
Regulation Of CD4-positive, Alpha-Beta T Cell Differentiation (GO:0043370)	1/11	0.021247185233602552	0.0988194558506232	0	0	52.502631578947366	202.2155053364779	RUNX1
Negative Regulation Of CD4-positive, Alpha-Beta T Cell Activation (GO:2000515)	1/11	0.021247185233602552	0.0988194558506232	0	0	52.502631578947366	202.2155053364779	RUNX1
Regulation Of Adipose Tissue Development (GO:1904177)	1/11	0.021247185233602552	0.0988194558506232	0	0	52.502631578947366	202.2155053364779	PARP1
Skeletal Muscle Fiber Development (GO:0048741)	1/11	0.021247185233602552	0.0988194558506232	0	0	52.502631578947366	202.2155053364779	PPP3CA
Regulation Of Protein Kinase Activity (GO:0045859)	2/119	0.022538546588249053	0.10378454921645172	0	0	9.167937167937168	34.76966073932359	UVRAG;PAK2
Epithelial Cell Morphogenesis (GO:0003382)	1/12	0.02315679597121641	0.10378454921645172	0	0	47.72727272727273	179.71546945510647	SIPA1L3
Positive Regulation Of Vascular Endothelial Cell Proliferation (GO:1905564)	1/12	0.02315679597121641	0.10378454921645172	0	0	47.72727272727273	179.71546945510647	ITGA4
Negative Regulation By Host Of Viral Transcription (GO:0043922)	1/12	0.02315679597121641	0.10378454921645172	0	0	47.72727272727273	179.71546945510647	JUN
Protein Dephosphorylation (GO:0006470)	2/124	0.024332249347456644	0.10490919372450601	0	0	8.789986708019494	32.66317461963934	PPP3CA;PPP3CC
Amyloid Precursor Protein Catabolic Process (GO:0042987)	1/13	0.025062776635888108	0.10490919372450601	0	0	43.74780701754386	161.27067055781572	ADAM19
Lipid Oxidation (GO:0034440)	1/13	0.025062776635888108	0.10490919372450601	0	0	43.74780701754386	161.27067055781572	ALOX5
Mitochondrial DNA Metabolic Process (GO:0032042)	1/13	0.025062776635888108	0.10490919372450601	0	0	43.74780701754386	161.27067055781572	PARP1
Positive Regulation Of Alpha-Beta T Cell Differentiation (GO:0046638)	1/13	0.025062776635888108	0.10490919372450601	0	0	43.74780701754386	161.27067055781572	RUNX1
Transmembrane Receptor Protein Serine/Threonine Kinase Signaling Pathway (GO:0007178)	2/130	0.026559564308497242	0.10490919372450601	0	0	8.375422297297296	30.38909212679098	JUN;FOS
Positive Regulation Of Peptidyl-Tyrosine Phosphorylation (GO:0050731)	2/130	0.026559564308497242	0.10490919372450601	0	0	8.375422297297296	30.38909212679098	BANK1;PAK2
Positive Regulation Of Protein-Containing Complex Disassembly (GO:0043243)	1/14	0.026965133912219295	0.10490919372450601	0	0	40.38056680161943	145.90349135778567	UVRAG
Negative Regulation Of Transcription Elongation By RNA Polymerase II (GO:0034244)	1/14	0.026965133912219295	0.10490919372450601	0	0	40.38056680161943	145.90349135778567	PARP1
Mitochondrial Calcium Ion Transmembrane Transport (GO:0006851)	1/14	0.026965133912219295	0.10490919372450601	0	0	40.38056680161943	145.90349135778567	SMDT1
Regulation Of ATP Biosynthetic Process (GO:2001169)	1/14	0.026965133912219295	0.10490919372450601	0	0	40.38056680161943	145.90349135778567	PARP1
Myotube Cell Development (GO:0014904)	1/14	0.026965133912219295	0.10490919372450601	0	0	40.38056680161943	145.90349135778567	PPP3CA
DNA Alkylation (GO:0006305)	1/15	0.028863874472676125	0.10490919372450601	0	0	37.494360902255636	132.92367662225746	FOS
Negative Regulation Of Telomere Maintenance (GO:0032205)	1/15	0.028863874472676125	0.10490919372450601	0	0	37.494360902255636	132.92367662225746	PARP1
Positive Regulation Of Secretion (GO:0051047)	1/15	0.028863874472676125	0.10490919372450601	0	0	37.494360902255636	132.92367662225746	PPP3CA
Protein Localization To Cell-Cell Junction (GO:0150105)	1/15	0.028863874472676125	0.10490919372450601	0	0	37.494360902255636	132.92367662225746	PAK2
Receptor Catabolic Process (GO:0032801)	1/15	0.028863874472676125	0.10490919372450601	0	0	37.494360902255636	132.92367662225746	UVRAG
Renal Filtration (GO:0097205)	1/15	0.028863874472676125	0.10490919372450601	0	0	37.494360902255636	132.92367662225746	PPP3CA
Regulation Of Rac Protein Signal Transduction (GO:0035020)	1/15	0.028863874472676125	0.10490919372450601	0	0	37.494360902255636	132.92367662225746	ARHGAP24
Positive Regulation Of Collagen Biosynthetic Process (GO:0032967)	1/15	0.028863874472676125	0.10490919372450601	0	0	37.494360902255636	132.92367662225746	RUNX1
Positive Regulation Of Endothelial Cell Apoptotic Process (GO:2000353)	1/15	0.028863874472676125	0.10490919372450601	0	0	37.494360902255636	132.92367662225746	ITGA4
Positive Regulation Of Muscle Hypertrophy (GO:0014742)	1/16	0.030759004984448314	0.10490919372450601	0	0	34.99298245614035	121.8306048026202	PARP1
Regulation Of Plasminogen Activation (GO:0010755)	1/16	0.030759004984448314	0.10490919372450601	0	0	34.99298245614035	121.8306048026202	RUNX1
Positive Regulation By Host Of Viral Transcription (GO:0043923)	1/16	0.030759004984448314	0.10490919372450601	0	0	34.99298245614035	121.8306048026202	JUN
Regulation Of Autophagosome Maturation (GO:1901096)	1/16	0.030759004984448314	0.10490919372450601	0	0	34.99298245614035	121.8306048026202	UVRAG
Positive Regulation Of Collagen Metabolic Process (GO:0010714)	1/16	0.030759004984448314	0.10490919372450601	0	0	34.99298245614035	121.8306048026202	RUNX1
DNA Modification (GO:0006304)	1/17	0.03265053210550882	0.10490919372450601	0	0	32.80427631578947	112.25276043705767	PARP1
NLS-bearing Protein Import Into Nucleus (GO:0006607)	1/17	0.03265053210550882	0.10490919372450601	0	0	32.80427631578947	112.25276043705767	RANBP2
Positive Regulation Of Peptidyl-Lysine Acetylation (GO:2000758)	1/17	0.03265053210550882	0.10490919372450601	0	0	32.80427631578947	112.25276043705767	DIP2B
Amyloid Precursor Protein Metabolic Process (GO:0042982)	1/17	0.03265053210550882	0.10490919372450601	0	0	32.80427631578947	112.25276043705767	ADAM19
Leukocyte Tethering Or Rolling (GO:0050901)	1/17	0.03265053210550882	0.10490919372450601	0	0	32.80427631578947	112.25276043705767	ITGA4
Regulation Of Telomere Maintenance Via Telomere Lengthening (GO:1904356)	1/17	0.03265053210550882	0.10490919372450601	0	0	32.80427631578947	112.25276043705767	PARP1
ncRNA Metabolic Process (GO:0034660)	1/17	0.03265053210550882	0.10490919372450601	0	0	32.80427631578947	112.25276043705767	ZCCHC7
Positive Regulation Of Cardiac Muscle Hypertrophy (GO:0010613)	1/17	0.03265053210550882	0.10490919372450601	0	0	32.80427631578947	112.25276043705767	PARP1
Negative Regulation Of Response To External Stimulus (GO:0032102)	2/146	0.0328831663015254	0.10490919372450601	0	0	7.438813813813814	25.40201986357115	PARP1;ALOX5
Dephosphorylation (GO:0016311)	2/147	0.03329632770380895	0.10490919372450601	0	0	7.387138863000932	25.13332288613759	PPP3CA;PPP3CC
Epithelial Cell Development (GO:0002064)	1/18	0.03453846248378679	0.10490919372450601	0	0	30.873065015479877	103.9089106040704	SIPA1L3
Regulation Of Collagen Biosynthetic Process (GO:0032965)	1/18	0.03453846248378679	0.10490919372450601	0	0	30.873065015479877	103.9089106040704	RUNX1
Positive Regulation Of Osteoclast Differentiation (GO:0045672)	1/18	0.03453846248378679	0.10490919372450601	0	0	30.873065015479877	103.9089106040704	PPP3CA
Regulation Of Lymphocyte Activation (GO:0051249)	1/18	0.03453846248378679	0.10490919372450601	0	0	30.873065015479877	103.9089106040704	IKZF3
Regulation Of Lymphocyte Proliferation (GO:0050670)	1/18	0.03453846248378679	0.10490919372450601	0	0	30.873065015479877	103.9089106040704	IKZF3
Neuromuscular Synaptic Transmission (GO:0007274)	1/18	0.03453846248378679	0.10490919372450601	0	0	30.873065015479877	103.9089106040704	FCHSD2
Regulation Of Vascular Endothelial Cell Proliferation (GO:1905562)	1/18	0.03453846248378679	0.10490919372450601	0	0	30.873065015479877	103.9089106040704	ITGA4
Negative Regulation Of DNA-templated Transcription, Elongation (GO:0032785)	1/18	0.03453846248378679	0.10490919372450601	0	0	30.873065015479877	103.9089106040704	PARP1
Positive Regulation Of Extracellular Matrix Organization (GO:1903055)	1/18	0.03453846248378679	0.10490919372450601	0	0	30.873065015479877	103.9089106040704	RUNX1
Negative Regulation Of Execution Phase Of Apoptosis (GO:1900118)	1/19	0.036422802764502916	0.10490919372450601	0	0	29.156432748538013	96.58244018092803	PAK2
Establishment Of Epithelial Cell Polarity (GO:0090162)	1/19	0.036422802764502916	0.10490919372450601	0	0	29.156432748538013	96.58244018092803	SIPA1L3
Stimulatory C-type Lectin Receptor Signaling Pathway (GO:0002223)	1/19	0.036422802764502916	0.10490919372450601	0	0	29.156432748538013	96.58244018092803	PAK2
Superoxide Anion Generation (GO:0042554)	1/19	0.036422802764502916	0.10490919372450601	0	0	29.156432748538013	96.58244018092803	NCF1
Regulation Of Lymphocyte Differentiation (GO:0045619)	1/19	0.036422802764502916	0.10490919372450601	0	0	29.156432748538013	96.58244018092803	IKZF3
Leukocyte Adhesion To Vascular Endothelial Cell (GO:0061756)	1/19	0.036422802764502916	0.10490919372450601	0	0	29.156432748538013	96.58244018092803	ITGA4
Linoleic Acid Metabolic Process (GO:0043651)	1/19	0.036422802764502916	0.10490919372450601	0	0	29.156432748538013	96.58244018092803	ALOX5
Regulation Of Tissue Remodeling (GO:0034103)	1/19	0.036422802764502916	0.10490919372450601	0	0	29.156432748538013	96.58244018092803	RUNX1
Cellular Response To Lectin (GO:1990858)	1/19	0.036422802764502916	0.10490919372450601	0	0	29.156432748538013	96.58244018092803	PAK2
rRNA Catabolic Process (GO:0016075)	1/19	0.036422802764502916	0.10490919372450601	0	0	29.156432748538013	96.58244018092803	ZCCHC7
Receptor Clustering (GO:0043113)	1/19	0.036422802764502916	0.10490919372450601	0	0	29.156432748538013	96.58244018092803	ITGA4
Regulation Of B Cell Differentiation (GO:0045577)	1/19	0.036422802764502916	0.10490919372450601	0	0	29.156432748538013	96.58244018092803	IKZF3
Positive Regulation Of Activated T Cell Proliferation (GO:0042104)	1/19	0.036422802764502916	0.10490919372450601	0	0	29.156432748538013	96.58244018092803	PPP3CA
Positive Regulation Of Protein Phosphorylation (GO:0001934)	3/377	0.036833781723468705	0.10490919372450601	0	0	4.364304812834225	14.408053497751748	TCL1A;BANK1;PAK2
DNA Methylation (GO:0006306)	1/20	0.03830355957487035	0.10490919372450601	0	0	27.62049861495845	90.10393439678077	FOS
Ameboidal-Type Cell Migration (GO:0001667)	1/20	0.03830355957487035	0.10490919372450601	0	0	27.62049861495845	90.10393439678077	ITGA4
Regulation Of Necroptotic Process (GO:0060544)	1/20	0.03830355957487035	0.10490919372450601	0	0	27.62049861495845	90.10393439678077	PARP1
Positive Regulation Of Vascular Associated Smooth Muscle Cell Proliferation (GO:1904707)	1/20	0.03830355957487035	0.10490919372450601	0	0	27.62049861495845	90.10393439678077	JUN
Leukotriene Metabolic Process (GO:0006691)	1/20	0.03830355957487035	0.10490919372450601	0	0	27.62049861495845	90.10393439678077	ALOX5
Limb Morphogenesis (GO:0035108)	1/20	0.03830355957487035	0.10490919372450601	0	0	27.62049861495845	90.10393439678077	MBNL1
Phosphatidylserine Metabolic Process (GO:0006658)	1/20	0.03830355957487035	0.10490919372450601	0	0	27.62049861495845	90.10393439678077	OSBPL10
Receptor Metabolic Process (GO:0043112)	1/20	0.03830355957487035	0.10490919372450601	0	0	27.62049861495845	90.10393439678077	UVRAG
Myoblast Differentiation (GO:0045445)	1/20	0.03830355957487035	0.10490919372450601	0	0	27.62049861495845	90.10393439678077	MBNL1
Negative Regulation Of B Cell Activation (GO:0050869)	1/20	0.03830355957487035	0.10490919372450601	0	0	27.62049861495845	90.10393439678077	BANK1
Regulation Of Cardiac Muscle Cell Proliferation (GO:0060043)	1/20	0.03830355957487035	0.10490919372450601	0	0	27.62049861495845	90.10393439678077	RUNX1
Macrophage Differentiation (GO:0030225)	1/21	0.04018073954422461	0.10884123404012491	0	0	26.23815789473684	84.33908236365446	PARP1
Mitochondrial Calcium Ion Homeostasis (GO:0051560)	1/21	0.04018073954422461	0.10884123404012491	0	0	26.23815789473684	84.33908236365446	SMDT1
Membrane Protein Ectodomain Proteolysis (GO:0006509)	1/22	0.04205434927500464	0.11267822930748526	0	0	24.9874686716792	79.18010249314726	ADAM19
Negative Regulation Of Axonogenesis (GO:0050771)	1/22	0.04205434927500464	0.11267822930748526	0	0	24.9874686716792	79.18010249314726	DIP2B
Regulation Of Extracellular Matrix Organization (GO:1903053)	1/23	0.04392439537404202	0.11457527470583447	0	0	23.85047846889952	74.53955237955424	RUNX1
Protein N-linked Glycosylation Via Asparagine (GO:0018279)	1/23	0.04392439537404202	0.11457527470583447	0	0	23.85047846889952	74.53955237955424	ST6GAL1
Protein Localization To Cell Junction (GO:1902414)	1/23	0.04392439537404202	0.11457527470583447	0	0	23.85047846889952	74.53955237955424	PAK2
Regulation Of Cardiac Muscle Hypertrophy (GO:0010611)	1/23	0.04392439537404202	0.11457527470583447	0	0	23.85047846889952	74.53955237955424	PARP1
Positive Regulation Of Epithelial Cell Apoptotic Process (GO:1904037)	1/23	0.04392439537404202	0.11457527470583447	0	0	23.85047846889952	74.53955237955424	ITGA4
Cellular Response To Oxygen-Containing Compound (GO:1901701)	3/406	0.04430150753850317	0.11460163292019518	0	0	4.0442514474772535	12.604866393911545	JUN;NCF1;FOS
Positive Regulation Of p38MAPK Cascade (GO:1900745)	1/24	0.04579088442720472	0.11460163292019518	0	0	22.812356979405035	70.34578626791965	NCF1
Cell Morphogenesis Involved In Differentiation (GO:0000904)	1/24	0.04579088442720472	0.11460163292019518	0	0	22.812356979405035	70.34578626791965	SIPA1L3
Regulation Of Ruffle Assembly (GO:1900027)	1/24	0.04579088442720472	0.11460163292019518	0	0	22.812356979405035	70.34578626791965	ARHGAP24
Mononuclear Cell Differentiation (GO:1903131)	1/24	0.04579088442720472	0.11460163292019518	0	0	22.812356979405035	70.34578626791965	IKZF1
Multivesicular Body Sorting Pathway (GO:0071985)	1/24	0.04579088442720472	0.11460163292019518	0	0	22.812356979405035	70.34578626791965	UVRAG
Regulation Of Apoptotic Process (GO:0042981)	4/705	0.0475446920056324	0.11460163292019518	0	0	3.1400040758100674	9.564719710799707	TCL1A;JUN;IKZF3;PAK2
Negative Regulation Of DNA-templated Transcription (GO:0045892)	5/1025	0.04762933823848198	0.11460163292019518	0	0	2.730824682814302	8.313466944644752	JUN;PARP1;BCL11A;IKZF1;RUNX1
Positive Regulation Of Interleukin-2 Production (GO:0032743)	1/25	0.04765382301955378	0.11460163292019518	0	0	21.86074561403509	66.53957181391064	RUNX1
RNA Polyadenylation (GO:0043631)	1/25	0.04765382301955378	0.11460163292019518	0	0	21.86074561403509	66.53957181391064	ZCCHC7
Wound Healing, Spreading Of Cells (GO:0044319)	1/25	0.04765382301955378	0.11460163292019518	0	0	21.86074561403509	66.53957181391064	ARHGAP24
Negative Regulation Of Response To Wounding (GO:1903035)	1/25	0.04765382301955378	0.11460163292019518	0	0	21.86074561403509	66.53957181391064	ALOX5
Negative Regulation Of Stress Fiber Assembly (GO:0051497)	1/25	0.04765382301955378	0.11460163292019518	0	0	21.86074561403509	66.53957181391064	PAK2
Negative Regulation Of Telomere Maintenance Via Telomere Lengthening (GO:1904357)	1/25	0.04765382301955378	0.11460163292019518	0	0	21.86074561403509	66.53957181391064	PARP1
Long-Chain Fatty Acid Biosynthetic Process (GO:0042759)	1/25	0.04765382301955378	0.11460163292019518	0	0	21.86074561403509	66.53957181391064	ALOX5
Regulation Of Protein Processing (GO:0070613)	1/25	0.04765382301955378	0.11460163292019518	0	0	21.86074561403509	66.53957181391064	RUNX1
Regulation Of Epidermal Growth Factor-Activated Receptor Activity (GO:0007176)	1/26	0.049513217714441275	0.1173558477558632	0	0	20.985263157894735	63.07153622173417	NCF1
cAMP-mediated Signaling (GO:0019933)	1/26	0.049513217714441275	0.1173558477558632	0	0	20.985263157894735	63.07153622173417	PDE7A
Regulation Of Reactive Oxygen Species Biosynthetic Process (GO:1903426)	1/26	0.049513217714441275	0.1173558477558632	0	0	20.985263157894735	63.07153622173417	ALOX5
Phosphate-Containing Compound Metabolic Process (GO:0006796)	2/184	0.04995254277315544	0.11783063917304129	0	0	5.874368874368875	17.60361469654523	PPP3CA;PAK2
In Utero Embryonic Development (GO:0001701)	1/27	0.0513690750681718	0.11945733022928631	0	0	20.177125506072876	59.9002146437606	MBNL1
Clathrin-Dependent Endocytosis (GO:0072583)	1/27	0.0513690750681718	0.11945733022928631	0	0	20.177125506072876	59.9002146437606	FCHSD2
Regulation Of Actin Polymerization Or Depolymerization (GO:0008064)	1/27	0.0513690750681718	0.11945733022928631	0	0	20.177125506072876	59.9002146437606	FCHSD2
Fatty Acid Derivative Biosynthetic Process (GO:1901570)	1/28	0.053221401637112926	0.12091313828155148	0	0	19.428849902534115	56.990542001630324	ALOX5
Vascular Endothelial Growth Factor Receptor Signaling Pathway (GO:0048010)	1/28	0.053221401637112926	0.12091313828155148	0	0	19.428849902534115	56.990542001630324	PAK2
Negative Regulation Of Signaling (GO:0023057)	1/28	0.053221401637112926	0.12091313828155148	0	0	19.428849902534115	56.990542001630324	PPP3CA
Negative Regulation Of Wound Healing (GO:0061045)	1/28	0.053221401637112926	0.12091313828155148	0	0	19.428849902534115	56.990542001630324	ALOX5
Negative Regulation Of Actin Filament Bundle Assembly (GO:0032232)	1/28	0.053221401637112926	0.12091313828155148	0	0	19.428849902534115	56.990542001630324	PAK2
Protein Localization To Membrane (GO:0072657)	2/192	0.05388065702583329	0.12184937575108172	0	0	5.62475106685633	16.429806369985727	ITGA4;PACS1
Regulation Of Cell Differentiation (GO:0045595)	2/193	0.054379265122777305	0.12229554299287891	0	0	5.595019102872506	16.29142194166335	ALOX5;RUNX1
Negative Regulation Of Plasma Membrane Bounded Cell Projection Assembly (GO:0120033)	1/29	0.055070203944055	0.12229554299287891	0	0	18.73402255639098	54.31267540736575	ARHGAP24
Heterotypic Cell-Cell Adhesion (GO:0034113)	1/29	0.055070203944055	0.12229554299287891	0	0	18.73402255639098	54.31267540736575	ITGA4
Negative Regulation Of DNA Binding (GO:0043392)	1/29	0.055070203944055	0.12229554299287891	0	0	18.73402255639098	54.31267540736575	JUN
Innate Immune Response Activating Cell Surface Receptor Signaling Pathway (GO:0002220)	1/30	0.056915488511080914	0.12470815927094618	0	0	18.087114337568057	51.84106589215322	PAK2
Regulation Of Arp2/3 Complex-Mediated Actin Nucleation (GO:0034315)	1/30	0.056915488511080914	0.12470815927094618	0	0	18.087114337568057	51.84106589215322	FCHSD2
Negative Regulation Of Axon Extension (GO:0030517)	1/30	0.056915488511080914	0.12470815927094618	0	0	18.087114337568057	51.84106589215322	DIP2B
Negative Regulation Of Developmental Growth (GO:0048640)	1/31	0.05875726186108227	0.12552496114974368	0	0	17.483333333333334	49.55372022159112	DIP2B
Leukocyte Cell-Cell Adhesion (GO:0007159)	1/31	0.05875726186108227	0.12552496114974368	0	0	17.483333333333334	49.55372022159112	ITGA4
Protein Localization To Chromatin (GO:0071168)	1/31	0.05875726186108227	0.12552496114974368	0	0	17.483333333333334	49.55372022159112	PARP1
Endodermal Cell Differentiation (GO:0035987)	1/31	0.05875726186108227	0.12552496114974368	0	0	17.483333333333334	49.55372022159112	ITGA4
Positive Regulation Of Extrinsic Apoptotic Signaling Pathway (GO:2001238)	1/31	0.05875726186108227	0.12552496114974368	0	0	17.483333333333334	49.55372022159112	PAK2
Negative Regulation Of Nucleic Acid-Templated Transcription (GO:1903507)	3/456	0.05881595542716185	0.12552496114974368	0	0	3.5886681383370127	10.167924555468641	JUN;PARP1;IKZF1
Negative Regulation Of Transcription By RNA Polymerase II (GO:0000122)	4/763	0.06027501563516589	0.1279892003865412	0	0	2.891323169584039	8.121257219519167	JUN;PARP1;BCL11A;RUNX1
Regulation Of Angiogenesis (GO:0045765)	2/205	0.06048982492913612	0.1279892003865412	0	0	5.261083743842365	14.758813589322934	ALOX5;RUNX1
Regulation Of Cell Population Proliferation (GO:0042127)	4/766	0.06097907496421354	0.12826299072708186	0	0	2.879490063742032	8.054580174053717	PPP3CA;TCL1A;JUN;RUNX1
Carboxylic Acid Metabolic Process (GO:0019752)	1/33	0.06243030089036226	0.12826299072708186	0	0	16.388980263157894	45.45818880252994	ST6GAL1
Regulation Of Protein Polymerization (GO:0032271)	1/33	0.06243030089036226	0.12826299072708186	0	0	16.388980263157894	45.45818880252994	FCHSD2
Regulation Of Sprouting Angiogenesis (GO:1903670)	1/33	0.06243030089036226	0.12826299072708186	0	0	16.388980263157894	45.45818880252994	ALOX5
Regulation Of Activated T Cell Proliferation (GO:0046006)	1/33	0.06243030089036226	0.12826299072708186	0	0	16.388980263157894	45.45818880252994	PPP3CA
Positive Regulation Of Epidermal Growth Factor Receptor Signaling Pathway (GO:0045742)	1/33	0.06243030089036226	0.12826299072708186	0	0	16.388980263157894	45.45818880252994	NCF1
ATP Metabolic Process (GO:0046034)	1/34	0.06426157953263534	0.12826299072708186	0	0	15.891547049441787	43.619012587141874	PARP1
Superoxide Metabolic Process (GO:0006801)	1/34	0.06426157953263534	0.12826299072708186	0	0	15.891547049441787	43.619012587141874	NCF1
Positive Regulation Of Organelle Organization (GO:0010638)	1/34	0.06426157953263534	0.12826299072708186	0	0	15.891547049441787	43.619012587141874	UVRAG
Regulation Of Metal Ion Transport (GO:0010959)	1/34	0.06426157953263534	0.12826299072708186	0	0	15.891547049441787	43.619012587141874	EPB41
Membrane Protein Proteolysis (GO:0033619)	1/34	0.06426157953263534	0.12826299072708186	0	0	15.891547049441787	43.619012587141874	ADAM19
Cellular Response To Amyloid-Beta (GO:1904646)	1/34	0.06426157953263534	0.12826299072708186	0	0	15.891547049441787	43.619012587141874	ITGA4
Negative Regulation Of Ras Protein Signal Transduction (GO:0046580)	1/34	0.06426157953263534	0.12826299072708186	0	0	15.891547049441787	43.619012587141874	ARHGAP24
Embryonic Limb Morphogenesis (GO:0030326)	1/34	0.06426157953263534	0.12826299072708186	0	0	15.891547049441787	43.619012587141874	MBNL1
Adherens Junction Organization (GO:0034332)	1/35	0.06608937289376358	0.13032824334650178	0	0	15.423374613003096	41.901411617706714	PAK2
Regulation Of Axon Extension (GO:0030516)	1/35	0.06608937289376358	0.13032824334650178	0	0	15.423374613003096	41.901411617706714	DIP2B
Endoderm Formation (GO:0001706)	1/35	0.06608937289376358	0.13032824334650178	0	0	15.423374613003096	41.901411617706714	ITGA4
Substrate Adhesion-Dependent Cell Spreading (GO:0034446)	1/36	0.06791368743314516	0.13129979570408065	0	0	14.981954887218045	40.29423258768696	ITGA4
Negative Regulation Of Protein Kinase B Signaling (GO:0051898)	1/36	0.06791368743314516	0.13129979570408065	0	0	14.981954887218045	40.29423258768696	BANK1
Positive Regulation Of Signaling Receptor Activity (GO:2000273)	1/36	0.06791368743314516	0.13129979570408065	0	0	14.981954887218045	40.29423258768696	NCF1
Regulation Of Trans-Synaptic Signaling (GO:0099177)	1/36	0.06791368743314516	0.13129979570408065	0	0	14.981954887218045	40.29423258768696	PPP3CA
Positive Regulation Of Double-Strand Break Repair Via Homologous Recombination (GO:1905168)	1/36	0.06791368743314516	0.13129979570408065	0	0	14.981954887218045	40.29423258768696	PARP1
Negative Regulation Of Endothelial Cell Proliferation (GO:0001937)	1/37	0.06973452957437407	0.13325241503940471	0	0	14.565058479532164	38.787619989682234	ALOX5
Regulation Of p38MAPK Cascade (GO:1900744)	1/37	0.06973452957437407	0.13325241503940471	0	0	14.565058479532164	38.787619989682234	NCF1
Regulation Of Vascular Associated Smooth Muscle Cell Proliferation (GO:1904705)	1/37	0.06973452957437407	0.13325241503940471	0	0	14.565058479532164	38.787619989682234	JUN
Positive Regulation Of Protein Tyrosine Kinase Activity (GO:0061098)	1/38	0.07155190576586237	0.13567342131757748	0	0	14.170697012802275	37.37283464820171	NCF1
Positive Regulation Of Bone Mineralization (GO:0030501)	1/38	0.07155190576586237	0.13567342131757748	0	0	14.170697012802275	37.37283464820171	ALOX5
Regulation Of Mitochondrial Membrane Potential (GO:0051881)	1/39	0.07336582242664895	0.13805095594022113	0	0	13.797091412742382	36.04210169716176	TCL1A
Nuclear Transport (GO:0051169)	1/39	0.07336582242664895	0.13805095594022113	0	0	13.797091412742382	36.04210169716176	RANBP2
Protein Localization To Chromosome (GO:0034502)	1/40	0.07517628596858959	0.14038601887316163	0	0	13.442645074224021	34.78848256531013	PARP1
Cyclic-Nucleotide-Mediated Signaling (GO:0019935)	1/40	0.07517628596858959	0.14038601887316163	0	0	13.442645074224021	34.78848256531013	PDE7A
Regulation Of Dendrite Development (GO:0050773)	1/41	0.07698330277885035	0.14056580840730823	0	0	13.10592105263158	33.60576669864193	BCL11A
O-glycan Processing (GO:0016266)	1/41	0.07698330277885035	0.14056580840730823	0	0	13.10592105263158	33.60576669864193	ST6GAL1
Positive Regulation Of Ossification (GO:0045778)	1/41	0.07698330277885035	0.14056580840730823	0	0	13.10592105263158	33.60576669864193	ALOX5
Visual System Development (GO:0150063)	1/41	0.07698330277885035	0.14056580840730823	0	0	13.10592105263158	33.60576669864193	SIPA1L3
Positive Regulation Of Actin Filament Polymerization (GO:0030838)	1/41	0.07698330277885035	0.14056580840730823	0	0	13.10592105263158	33.60576669864193	FCHSD2
Double-Strand Break Repair Via Nonhomologous End Joining (GO:0006303)	1/41	0.07698330277885035	0.14056580840730823	0	0	13.10592105263158	33.60576669864193	UVRAG
Keratinocyte Differentiation (GO:0030216)	1/42	0.07878687925061875	0.14073163576288059	0	0	12.785622593068036	32.488379560233064	PPP3CA
Regulation Of Osteoclast Differentiation (GO:0045670)	1/42	0.07878687925061875	0.14073163576288059	0	0	12.785622593068036	32.488379560233064	PPP3CA
Lipid Modification (GO:0030258)	1/42	0.07878687925061875	0.14073163576288059	0	0	12.785622593068036	32.488379560233064	ALOX5
Modulation By Host Of Symbiont Process (GO:0051851)	1/42	0.07878687925061875	0.14073163576288059	0	0	12.785622593068036	32.488379560233064	JUN
Regulation Of Axonogenesis (GO:0050770)	1/42	0.07878687925061875	0.14073163576288059	0	0	12.785622593068036	32.488379560233064	PAK2
Skeletal Muscle Tissue Development (GO:0007519)	1/42	0.07878687925061875	0.14073163576288059	0	0	12.785622593068036	32.488379560233064	PPP3CA
Regulation Of Endothelial Cell Apoptotic Process (GO:2000351)	1/43	0.08058702177134915	0.14201112653389797	0	0	12.480576441102757	31.431304149217908	ITGA4
Response To Amyloid-Beta (GO:1904645)	1/43	0.08058702177134915	0.14201112653389797	0	0	12.480576441102757	31.431304149217908	ITGA4
Positive Regulation Of Biomineral Tissue Development (GO:0070169)	1/43	0.08058702177134915	0.14201112653389797	0	0	12.480576441102757	31.431304149217908	ALOX5
Positive Regulation Of Osteoblast Differentiation (GO:0045669)	1/44	0.08238373669106454	0.14201112653389797	0	0	12.189718482252141	30.430013783971482	PPP3CA
Autophagosome Maturation (GO:0097352)	1/44	0.08238373669106454	0.14201112653389797	0	0	12.189718482252141	30.430013783971482	UVRAG
Phosphatidylinositol Phosphate Biosynthetic Process (GO:0046854)	1/44	0.08238373669106454	0.14201112653389797	0	0	12.189718482252141	30.430013783971482	UVRAG
Regulation Of Transport (GO:0051049)	1/44	0.08238373669106454	0.14201112653389797	0	0	12.189718482252141	30.430013783971482	EPB41
Regulation Of B Cell Proliferation (GO:0030888)	1/44	0.08238373669106454	0.14201112653389797	0	0	12.189718482252141	30.430013783971482	IKZF3
Regulation Of DNA-templated Transcription Elongation (GO:0032784)	1/44	0.08238373669106454	0.14201112653389797	0	0	12.189718482252141	30.430013783971482	PARP1
Positive Regulation Of Biosynthetic Process (GO:0009891)	1/44	0.08238373669106454	0.14201112653389797	0	0	12.189718482252141	30.430013783971482	RUNX1
Negative Regulation Of Response To Biotic Stimulus (GO:0002832)	1/45	0.08417703036948046	0.14459678039078003	0	0	11.912081339712918	29.480414302149413	PARP1
Regulation Of Cytokine Production Involved In Inflammatory Response (GO:1900015)	1/46	0.08596690914993177	0.146143745554884	0	0	11.646783625730993	28.57879420114118	ALOX5
Protein Sumoylation (GO:0016925)	1/46	0.08596690914993177	0.146143745554884	0	0	11.646783625730993	28.57879420114118	RANBP2
Replication Fork Processing (GO:0031297)	1/46	0.08596690914993177	0.146143745554884	0	0	11.646783625730993	28.57879420114118	PARP1
Regulation Of Interleukin-2 Production (GO:0032663)	1/47	0.08775337935174779	0.14715107489935939	0	0	11.393020594965675	27.721781469051706	RUNX1
Positive Regulation Of Smooth Muscle Cell Proliferation (GO:0048661)	1/47	0.08775337935174779	0.14715107489935939	0	0	11.393020594965675	27.721781469051706	JUN
Bicellular Tight Junction Assembly (GO:0070830)	1/47	0.08775337935174779	0.14715107489935939	0	0	11.393020594965675	27.721781469051706	PAK2
Regulation Of Wound Healing (GO:0061041)	1/47	0.08775337935174779	0.14715107489935939	0	0	11.393020594965675	27.721781469051706	ALOX5
Post-Translational Protein Modification (GO:0043687)	1/48	0.08953644731895927	0.14812573331626483	0	0	11.150055991041434	26.906306081935305	PARP1
Cellular Defense Response (GO:0006968)	1/48	0.08953644731895927	0.14812573331626483	0	0	11.150055991041434	26.906306081935305	NCF1
Regulation Of DNA Binding (GO:0051101)	1/48	0.08953644731895927	0.14812573331626483	0	0	11.150055991041434	26.906306081935305	JUN
Retrograde Vesicle-Mediated Transport, Golgi To Endoplasmic Reticulum (GO:0006890)	1/48	0.08953644731895927	0.14812573331626483	0	0	11.150055991041434	26.906306081935305	UVRAG
Erythrocyte Differentiation (GO:0030218)	1/49	0.09131611933080343	0.14906902923869567	0	0	10.917214912280702	26.129567345484944	IKZF1
Unsaturated Fatty Acid Metabolic Process (GO:0033559)	1/49	0.09131611933080343	0.14906902923869567	0	0	10.917214912280702	26.129567345484944	ALOX5
Nuclear Export (GO:0051168)	1/49	0.09131611933080343	0.14906902923869567	0	0	10.917214912280702	26.129567345484944	RANBP2
Negative Regulation Of Cysteine-Type Endopeptidase Activity Involved In Apoptotic Process (GO:0043154)	1/49	0.09131611933080343	0.14906902923869567	0	0	10.917214912280702	26.129567345484944	PAK2
Nucleocytoplasmic Transport (GO:0006913)	1/50	0.09309240170465724	0.15146717505081195	0	0	10.693877551020408	25.38900533231373	RANBP2
Positive Regulation Of Protein Localization To Cell Periphery (GO:1904377)	1/51	0.09486530070027095	0.1533396499843724	0	0	10.479473684210527	24.6822758736909	EPB41
Positive Regulation Of DNA Recombination (GO:0045911)	1/51	0.09486530070027095	0.1533396499843724	0	0	10.479473684210527	24.6822758736909	PARP1
Negative Regulation Of Innate Immune Response (GO:0045824)	1/52	0.09663482260597495	0.15417788849432248	0	0	10.273477812177502	24.00722856261286	PARP1
Negative Regulation Of Response To Stimulus (GO:0048585)	1/52	0.09663482260597495	0.15417788849432248	0	0	10.273477812177502	24.00722856261286	ALOX5
Icosanoid Metabolic Process (GO:0006690)	1/52	0.09663482260597495	0.15417788849432248	0	0	10.273477812177502	24.00722856261286	ALOX5
Regulation Of Peptide Hormone Secretion (GO:0090276)	1/52	0.09663482260597495	0.15417788849432248	0	0	10.273477812177502	24.00722856261286	ALOX5
Tight Junction Assembly (GO:0120192)	1/53	0.09840097371317154	0.15598610945528477	0	0	10.075404858299596	23.361887385395153	PAK2
Regulation Of Alternative mRNA Splicing, Via Spliceosome (GO:0000381)	1/53	0.09840097371317154	0.15598610945528477	0	0	10.075404858299596	23.361887385395153	KHDRBS2
Epidermal Cell Differentiation (GO:0009913)	1/54	0.10016376022168876	0.15726348340539031	0	0	9.88480635551142	22.74443362032508	PPP3CA
Negative Regulation Of Neuron Projection Development (GO:0010977)	1/54	0.10016376022168876	0.15726348340539031	0	0	9.88480635551142	22.74443362032508	BCL11A
Apical Junction Assembly (GO:0043297)	1/54	0.10016376022168876	0.15726348340539031	0	0	9.88480635551142	22.74443362032508	PAK2
Regulation Of Reactive Oxygen Species Metabolic Process (GO:2000377)	1/56	0.1036792644883319	0.16073546349920637	0	0	9.524401913875598	21.58661062869493	ALOX5
Cellular Response To Peptide (GO:1901653)	1/56	0.1036792644883319	0.16073546349920637	0	0	9.524401913875598	21.58661062869493	ITGA4
Positive Regulation Of DNA-templated Transcription Initiation (GO:2000144)	1/56	0.1036792644883319	0.16073546349920637	0	0	9.524401913875598	21.58661062869493	JUN
Positive Regulation Of DNA-templated Transcription, Elongation (GO:0032786)	1/56	0.1036792644883319	0.16073546349920637	0	0	9.524401913875598	21.58661062869493	PARP1
Regulation Of Calcium Ion Transport (GO:0051924)	1/57	0.10543199467800056	0.1629403554114554	0	0	9.353853383458647	21.043262318905214	EPB41
Eye Development (GO:0001654)	1/58	0.10718138518732635	0.16461190933754485	0	0	9.189289012003693	20.521820629243667	SIPA1L3
Regulation Of Bone Mineralization (GO:0030500)	1/58	0.10718138518732635	0.16461190933754485	0	0	9.189289012003693	20.521820629243667	ALOX5
DNA Metabolic Process (GO:0006259)	2/288	0.10825220477466443	0.16574017687549555	0	0	3.7185787185787187	8.267484623962828	UVRAG;PARP1
Positive Regulation Of Protein Binding (GO:0032092)	1/59	0.10892744222145988	0.16574453399746827	0	0	9.030399274047188	20.021056993317078	EPB41
Chordate Embryonic Development (GO:0043009)	1/59	0.10892744222145988	0.16574453399746827	0	0	9.030399274047188	20.021056993317078	MBNL1
DNA Repair (GO:0006281)	2/291	0.11012943452922168	0.1670578806858655	0	0	3.6794164406621155	8.117156663179701	UVRAG;PARP1
Regulation Of Extrinsic Apoptotic Signaling Pathway (GO:2001236)	1/60	0.11067017193888928	0.16736317412844298	0	0	8.876895628902766	19.539830870257344	PAK2
Negative Regulation Of Kinase Activity (GO:0033673)	1/62	0.11414567418160305	0.17104503760343556	0	0	8.584987057808455	18.631824017459756	PAK2
Protein-Containing Complex Disassembly (GO:0032984)	1/62	0.11414567418160305	0.17104503760343556	0	0	8.584987057808455	18.631824017459756	UVRAG
Positive Regulation Of Apoptotic Signaling Pathway (GO:2001235)	1/62	0.11414567418160305	0.17104503760343556	0	0	8.584987057808455	18.631824017459756	PAK2
Telomere Organization (GO:0032200)	1/63	0.11587845899322212	0.17259238756392298	0	0	8.44609507640068	18.203137324065356	PARP1
Regulation Of Cellular Catabolic Process (GO:0031329)	1/63	0.11587845899322212	0.17259238756392298	0	0	8.44609507640068	18.203137324065356	UVRAG
Positive Regulation Of Macroautophagy (GO:0016239)	1/64	0.11760794114251331	0.1735949550396978	0	0	8.311612364243944	17.790164457878866	UVRAG
Protein N-linked Glycosylation (GO:0006487)	1/64	0.11760794114251331	0.1735949550396978	0	0	8.311612364243944	17.790164457878866	ST6GAL1
Response To Metal Ion (GO:0010038)	1/64	0.11760794114251331	0.1735949550396978	0	0	8.311612364243944	17.790164457878866	PPP3CA
Fatty Acid Biosynthetic Process (GO:0006633)	1/65	0.11933412674449315	0.1745748501039618	0	0	8.181332236842104	17.39210459475344	ALOX5
Cellular Response To Light Stimulus (GO:0071482)	1/65	0.11933412674449315	0.1745748501039618	0	0	8.181332236842104	17.39210459475344	PARP1
Positive Regulation Of T Cell Proliferation (GO:0042102)	1/65	0.11933412674449315	0.1745748501039618	0	0	8.181332236842104	17.39210459475344	PPP3CA
Negative Regulation Of Immune Response (GO:0050777)	1/66	0.12105702191347746	0.17657133669628516	0	0	8.05506072874494	17.00820908701037	PARP1
Telomere Maintenance (GO:0000723)	1/68	0.1244929653895161	0.18051479981479834	0	0	7.813825608798115	16.280153066858286	PARP1
Skin Development (GO:0043588)	1/68	0.1244929653895161	0.18051479981479834	0	0	7.813825608798115	16.280153066858286	PPP3CA
Establishment Of Protein Localization To Membrane (GO:0090150)	1/69	0.12620602587024407	0.181928569456229	0	0	7.698529411764706	15.93472089534539	NCF1
Positive Regulation Of Phosphatidylinositol 3-Kinase Signaling (GO:0014068)	1/69	0.12620602587024407	0.181928569456229	0	0	7.698529411764706	15.93472089534539	NCF1
Negative Regulation Of Epithelial Cell Proliferation (GO:0050680)	1/70	0.1279158202874324	0.18226155896446292	0	0	7.586575133485889	15.600903263424575	ALOX5
Positive Regulation Of Protein Polymerization (GO:0032273)	1/70	0.1279158202874324	0.18226155896446292	0	0	7.586575133485889	15.600903263424575	FCHSD2
Regulation Of Actin Filament Polymerization (GO:0030833)	1/70	0.1279158202874324	0.18226155896446292	0	0	7.586575133485889	15.600903263424575	FCHSD2
Sensory Organ Development (GO:0007423)	1/70	0.1279158202874324	0.18226155896446292	0	0	7.586575133485889	15.600903263424575	SIPA1L3
Regulation Of Double-Strand Break Repair Via Homologous Recombination (GO:0010569)	1/71	0.12962235471422945	0.1831055039372926	0	0	7.477819548872181	15.278157603394732	PARP1
Negative Regulation Of Protein Binding (GO:0032091)	1/71	0.12962235471422945	0.1831055039372926	0	0	7.477819548872181	15.278157603394732	ITGA4
Cell-Cell Junction Assembly (GO:0007043)	1/71	0.12962235471422945	0.1831055039372926	0	0	7.477819548872181	15.278157603394732	PAK2
Regulation Of Cellular Localization (GO:0060341)	1/72	0.1313256351611906	0.184454524599621	0	0	7.372127501853225	14.965973770040259	PARP1
Protein Targeting To Membrane (GO:0006612)	1/72	0.1313256351611906	0.184454524599621	0	0	7.372127501853225	14.965973770040259	NCF1
Regulation Of Fat Cell Differentiation (GO:0045598)	1/75	0.13641601320601912	0.1905186813330522	0	0	7.072190611664296	14.088130020571684	ALOX5
Regulation Of Stress Fiber Assembly (GO:0051492)	1/75	0.13641601320601912	0.1905186813330522	0	0	7.072190611664296	14.088130020571684	PAK2
Actomyosin Structure Organization (GO:0031032)	1/77	0.1397934392468445	0.19250884231478868	0	0	6.885387811634349	13.547615934309555	EPB41
Regulation Of Transcription Elongation By RNA Polymerase II (GO:0034243)	1/77	0.1397934392468445	0.19250884231478868	0	0	6.885387811634349	13.547615934309555	PARP1
Positive Regulation Of JNK Cascade (GO:0046330)	1/77	0.1397934392468445	0.19250884231478868	0	0	6.885387811634349	13.547615934309555	NCF1
Negative Regulation Of Blood Vessel Morphogenesis (GO:2000181)	1/77	0.1397934392468445	0.19250884231478868	0	0	6.885387811634349	13.547615934309555	ALOX5
Positive Regulation Of Endothelial Cell Proliferation (GO:0001938)	1/77	0.1397934392468445	0.19250884231478868	0	0	6.885387811634349	13.547615934309555	ITGA4
Regulation Of Innate Immune Response (GO:0045088)	1/78	0.14147732249467657	0.1933613451086168	0	0	6.795625427204374	13.289632726774588	PARP1
Long-Chain Fatty Acid Metabolic Process (GO:0001676)	1/78	0.14147732249467657	0.1933613451086168	0	0	6.795625427204374	13.289632726774588	ALOX5
Vesicle Fusion (GO:0006906)	1/79	0.14315799384309358	0.1933613451086168	0	0	6.708164642375169	13.0393734081917	UVRAG
Protein Import Into Nucleus (GO:0006606)	1/79	0.14315799384309358	0.1933613451086168	0	0	6.708164642375169	13.0393734081917	RANBP2
Cellular Response To UV (GO:0034644)	1/79	0.14315799384309358	0.1933613451086168	0	0	6.708164642375169	13.0393734081917	PARP1
Response To Insulin (GO:0032868)	1/79	0.14315799384309358	0.1933613451086168	0	0	6.708164642375169	13.0393734081917	PARP1
Positive Regulation Of Cytoskeleton Organization (GO:0051495)	1/79	0.14315799384309358	0.1933613451086168	0	0	6.708164642375169	13.0393734081917	FCHSD2
Regulation Of Cytokinesis (GO:0032465)	1/80	0.14483545924955893	0.19403228644030585	0	0	6.622918054630246	12.796517113364189	UVRAG
Wound Healing (GO:0042060)	1/80	0.14483545924955893	0.19403228644030585	0	0	6.622918054630246	12.796517113364189	PPP3CA
Calcium Ion Transmembrane Transport (GO:0070588)	1/80	0.14483545924955893	0.19403228644030585	0	0	6.622918054630246	12.796517113364189	SMDT1
Regulation Of Cell Division (GO:0051302)	1/83	0.149848679435721	0.20020433322983863	0	0	6.379653401797176	12.109407031969463	UVRAG
Positive Regulation Of Double-Strand Break Repair (GO:2000781)	1/84	0.15151338058447303	0.20188134223823026	0	0	6.302473050095117	11.893279271312501	PARP1
Epidermis Development (GO:0008544)	1/85	0.15317490547102133	0.20191237539361903	0	0	6.227130325814536	11.6831852271339	PPP3CA
Integrin-Mediated Signaling Pathway (GO:0007229)	1/85	0.15317490547102133	0.20191237539361903	0	0	6.227130325814536	11.6831852271339	ITGA4
Regulation Of Osteoblast Differentiation (GO:0045667)	1/85	0.15317490547102133	0.20191237539361903	0	0	6.227130325814536	11.6831852271339	PPP3CA
Macromolecule Catabolic Process (GO:0009057)	1/85	0.15317490547102133	0.20191237539361903	0	0	6.227130325814536	11.6831852271339	UVRAG
Negative Regulation Of Angiogenesis (GO:0016525)	1/86	0.1548332599823739	0.203012758434336	0	0	6.1535603715170275	11.47889141140809	ALOX5
Negative Regulation Of Binding (GO:0051100)	1/86	0.1548332599823739	0.203012758434336	0	0	6.1535603715170275	11.47889141140809	JUN
Glucose Homeostasis (GO:0042593)	1/87	0.15648845003937584	0.20409737002490022	0	0	6.081701346389229	11.280175897686929	ALOX5
Regulation Of Insulin Secretion (GO:0050796)	1/87	0.15648845003937584	0.20409737002490022	0	0	6.081701346389229	11.280175897686929	ALOX5
Negative Regulation Of Protein Kinase Activity (GO:0006469)	1/88	0.158140481504937	0.20461338856233577	0	0	6.011494252873563	11.086827628444034	PAK2
Positive Regulation Of Cell Adhesion (GO:0045785)	1/88	0.158140481504937	0.20461338856233577	0	0	6.011494252873563	11.086827628444034	PPP3CA
Protein Modification By Small Protein Conjugation (GO:0032446)	2/364	0.15816393173591325	0.20461338856233577	0	0	2.9265342690757055	5.396889861765352	RANBP2;BCL11A
Positive Regulation Of Peptidyl-Serine Phosphorylation (GO:0033138)	1/89	0.15978936023630683	0.20461338856233577	0	0	5.942882775119617	10.898645765842279	TCL1A
Cellular Response To Chemical Stress (GO:0062197)	1/89	0.15978936023630683	0.20461338856233577	0	0	5.942882775119617	10.898645765842279	PARP1
Cellular Response To Peptide Hormone Stimulus (GO:0071375)	1/89	0.15978936023630683	0.20461338856233577	0	0	5.942882775119617	10.898645765842279	PARP1
Positive Regulation Of DNA Repair (GO:0045739)	1/89	0.15978936023630683	0.20461338856233577	0	0	5.942882775119617	10.898645765842279	PARP1
Regulation Of Phosphatidylinositol 3-Kinase Signaling (GO:0014066)	1/90	0.1614350921075684	0.20618523422028814	0	0	5.875813128326434	10.715439089115145	NCF1
Regulation Of RNA Metabolic Process (GO:0051252)	1/91	0.16307768294864286	0.2072095301383529	0	0	5.810233918128655	10.537025436657379	MBNL1
Positive Regulation Of Binding (GO:0051099)	1/91	0.16307768294864286	0.2072095301383529	0	0	5.810233918128655	10.537025436657379	EPB41
Regulation Of Endothelial Cell Proliferation (GO:0001936)	1/93	0.16635346497010753	0.20921494446495667	0	0	5.683352402745996	10.193890746041289	ALOX5
Regulation Of Peptidyl-Serine Phosphorylation (GO:0033135)	1/93	0.16635346497010753	0.20921494446495667	0	0	5.683352402745996	10.193890746041289	TCL1A
Protein O-linked Glycosylation (GO:0006493)	1/93	0.16635346497010753	0.20921494446495667	0	0	5.683352402745996	10.193890746041289	ST6GAL1
Positive Regulation Of Cellular Component Biogenesis (GO:0044089)	1/93	0.16635346497010753	0.20921494446495667	0	0	5.683352402745996	10.193890746041289	TCL1A
Regulation Of mRNA Splicing, Via Spliceosome (GO:0048024)	1/94	0.16798666774760343	0.21073136692002162	0	0	5.621958121109225	10.02884615171532	KHDRBS2
Negative Regulation Of Programmed Cell Death (GO:0043069)	2/381	0.16987468503292444	0.21255893330261866	0	0	2.7928403337374315	4.950852030453797	TCL1A;PAK2
Positive Regulation Of Supramolecular Fiber Organization (GO:1902905)	1/96	0.17124372591290613	0.21372951107610816	0	0	5.503047091412743	9.711048020338644	FCHSD2
DNA Damage Response (GO:0006974)	2/384	0.1719573276272554	0.21407818818241647	0	0	2.770482524409226	4.87745921947763	UVRAG;PARP1
Regulation Of Defense Response (GO:0031347)	1/97	0.17286759289974749	0.21412995803913445	0	0	5.4454495614035086	9.558012820508768	ALOX5
Regulation Of Protein Localization (GO:0032880)	1/97	0.17286759289974749	0.21412995803913445	0	0	5.4454495614035086	9.558012820508768	PARP1
RNA Splicing (GO:0008380)	1/98	0.17448835947658503	0.21505690305489103	0	0	5.38903960933261	9.408709420253592	MBNL1
Positive Regulation Of Protein-Containing Complex Assembly (GO:0031334)	1/98	0.17448835947658503	0.21505690305489103	0	0	5.38903960933261	9.408709420253592	TCL1A
Cellular Response To Insulin Stimulus (GO:0032869)	1/99	0.1761060314564623	0.2165094102444786	0	0	5.333780880773362	9.263011982506484	PARP1
Regulation Of Organelle Organization (GO:0033043)	1/100	0.17772061456847035	0.21741008184182603	0	0	5.279638490164806	9.12080010262218	PAK2
Response To UV (GO:0009411)	1/100	0.17772061456847035	0.21741008184182603	0	0	5.279638490164806	9.12080010262218	PARP1
Hemopoiesis (GO:0030097)	1/101	0.17933211456692597	0.2188384467363725	0	0	5.226578947368421	8.981958519851037	RUNX1
Regulation Of Protein Secretion (GO:0050708)	1/102	0.18094053720874811	0.21971350946776555	0	0	5.1745700885878065	8.846376850561835	ALOX5
Regulation Of RNA Splicing (GO:0043484)	1/102	0.18094053720874811	0.21971350946776555	0	0	5.1745700885878065	8.846376850561835	MBNL1
Positive Regulation Of Vasculature Development (GO:1904018)	1/104	0.18414817316323137	0.2225123759055712	0	0	5.073582013285641	8.58457462014543	RUNX1
Macroautophagy (GO:0016236)	1/104	0.18414817316323137	0.2225123759055712	0	0	5.073582013285641	8.58457462014543	UVRAG
Positive Regulation Of Stress-Activated MAPK Cascade (GO:0032874)	1/105	0.1857473979075291	0.22389600774672822	0	0	5.024544534412955	8.458155494365316	NCF1
Response To Calcium Ion (GO:0051592)	1/106	0.1873435681263354	0.22526921728361793	0	0	4.976441102756892	8.334598723356978	PPP3CA
Regulation Of Cellular Response To Stress (GO:0080135)	1/107	0.18893668942205585	0.22663208731161444	0	0	4.929245283018868	8.21381483486549	ALOX5
Response To Tumor Necrosis Factor (GO:0034612)	1/108	0.19052676753613323	0.22798469998862544	0	0	4.8829316281357595	8.09571793130784	TCL1A
Cell-Matrix Adhesion (GO:0007160)	1/109	0.19211380810285308	0.22932713654892634	0	0	4.837475633528265	7.98022552210273	ITGA4
Regulation Of JNK Cascade (GO:0046328)	1/110	0.19369781676341763	0.23065947745015675	0	0	4.792853693867697	7.8672583563896525	NCF1
Negative Regulation Of Inflammatory Response (GO:0050728)	1/111	0.19527879919514177	0.2308691798638007	0	0	4.749043062200957	7.756740267440574	ALOX5
T Cell Activation (GO:0042110)	1/111	0.19527879919514177	0.2308691798638007	0	0	4.749043062200957	7.756740267440574	PPP3CA
Cytoskeleton Organization (GO:0007010)	1/111	0.19527879919514177	0.2308691798638007	0	0	4.749043062200957	7.756740267440574	SIPA1L3
Organelle Organization (GO:0006996)	2/418	0.19584714673668577	0.23098718502676097	0	0	2.5396309771309773	4.140667137926318	PARP1;SIPA1L3
Regulation Of Cytoskeleton Organization (GO:0051493)	1/114	0.20000364514190738	0.23476618346419129	0	0	4.622263623660922	7.439162073918401	PAK2
Response To Endoplasmic Reticulum Stress (GO:0034976)	1/114	0.20000364514190738	0.23476618346419129	0	0	4.622263623660922	7.439162073918401	JUN
Phosphorylation (GO:0016310)	2/429	0.20367246221998433	0.23801372224096934	0	0	2.472814735109817	3.9348470426003463	UVRAG;PAK2
Positive Regulation Of Protein Serine/Threonine Kinase Activity (GO:0071902)	1/117	0.20470145685633062	0.23801372224096934	0	0	4.502041742286751	7.141150628954905	TCL1A
Protein Maturation (GO:0051604)	1/117	0.20470145685633062	0.23801372224096934	0	0	4.502041742286751	7.141150628954905	ADAM19
Protein Processing (GO:0016485)	1/117	0.20470145685633062	0.23801372224096934	0	0	4.502041742286751	7.141150628954905	ADAM19
Regulation Of Protein Binding (GO:0043393)	1/118	0.2062614125419351	0.2392632385486447	0	0	4.463337831758884	7.045873848726024	EPB41
Regulation Of Protein-Containing Complex Assembly (GO:0043254)	1/119	0.20781838672468606	0.2393795903160519	0	0	4.42528991971454	6.952531932531913	TCL1A
Cellular Response To Tumor Necrosis Factor (GO:0071356)	1/119	0.20781838672468606	0.2393795903160519	0	0	4.42528991971454	6.952531932531913	TCL1A
Positive Regulation Of Angiogenesis (GO:0045766)	1/119	0.20781838672468606	0.2393795903160519	0	0	4.42528991971454	6.952531932531913	RUNX1
Fatty Acid Metabolic Process (GO:0006631)	1/122	0.21247147569174293	0.24360101747913782	0	0	4.314919530230535	6.683583955689939	ALOX5
Receptor-Mediated Endocytosis (GO:0006898)	1/122	0.21247147569174293	0.24360101747913782	0	0	4.314919530230535	6.683583955689939	FCHSD2
Modulation Of Chemical Synaptic Transmission (GO:0050804)	1/123	0.21401657923584133	0.24480318692173964	0	0	4.279335634167386	6.59745942388103	PPP3CA
Negative Regulation Of Cell Growth (GO:0030308)	1/125	0.21709793029229307	0.24775296211597334	0	0	4.209889643463497	6.430213797447615	DIP2B
Regulation Of Response To External Stimulus (GO:0032101)	1/127	0.22016750980965705	0.2500981159819376	0	0	4.142648287385129	6.26934561220422	ALOX5
Regulation Of Anatomical Structure Morphogenesis (GO:0022603)	1/127	0.22016750980965705	0.2500981159819376	0	0	4.142648287385129	6.26934561220422	PAK2
Protein Targeting (GO:0006605)	1/129	0.2232253616314941	0.25240849377139124	0	0	4.077508223684211	6.114522982848703	NCF1
Regulation Of DNA Repair (GO:0006282)	1/129	0.2232253616314941	0.25240849377139124	0	0	4.077508223684211	6.114522982848703	PARP1
Regulation Of Cell Cycle Process (GO:0010564)	1/130	0.22474990329250696	0.25355080623159254	0	0	4.045695634434924	6.039281080448608	UVRAG
Regulation Of Protein Kinase B Signaling (GO:0051896)	1/136	0.23383611580612199	0.2631990983845163	0	0	3.864717348927875	5.615955151287811	BANK1
Protein Localization To Plasma Membrane (GO:0072659)	1/137	0.2353403621082968	0.26428883489610555	0	0	3.8361068111455108	5.549781895253681	PACS1
Intracellular Calcium Ion Homeostasis (GO:0006874)	1/139	0.2383402267073118	0.2670493903788744	0	0	3.7801296720061024	5.420918022971859	SMDT1
Negative Regulation Of Apoptotic Process (GO:0043066)	2/482	0.24182375769422043	0.27033812368084054	0	0	2.1938063063063065	3.1142091690217533	TCL1A;PAK2
Protein Localization To Cell Periphery (GO:1990778)	1/142	0.2428185339461156	0.27083605709374436	0	0	3.6991414706980215	5.2359160899734825	PACS1
Regulation Of Cell Adhesion (GO:0030155)	1/144	0.2457898078403988	0.2735313211406696	0	0	3.6470371733529627	5.117809028995641	PPP3CA
Positive Regulation Of Protein Kinase Activity (GO:0045860)	1/145	0.24727118147813174	0.27456011817279047	0	0	3.6215277777777777	5.06025082837594	TCL1A
Negative Regulation Of Protein Phosphorylation (GO:0001933)	1/149	0.2531683771269965	0.28047642679462764	0	0	3.522937411095306	4.8394608456599695	PAK2
Neuron Development (GO:0048666)	1/150	0.254635627656387	0.2811190528472105	0	0	3.4991169198163194	4.786517849430982	RUNX1
Protein Phosphorylation (GO:0006468)	2/500	0.25488887753083794	0.2811190528472105	0	0	2.112558341474004	2.8877143103097516	UVRAG;PAK2
Peptidyl-Serine Phosphorylation (GO:0018105)	1/158	0.26627295235037346	0.29301911943913866	0	0	3.3194770365403956	4.392442751386305	PAK2
Protein Autophosphorylation (GO:0046777)	1/162	0.27202503527380917	0.29801853864441763	0	0	3.2363517489375613	4.213280692118755	PAK2
Mitochondrion Organization (GO:0007005)	1/162	0.27202503527380917	0.29801853864441763	0	0	3.2363517489375613	4.213280692118755	PARP1
Positive Regulation Of Intracellular Signal Transduction (GO:1902533)	2/525	0.2730715221404562	0.29850168606484456	0	0	2.0089917833703685	2.607714592922046	NCF1;PARP1
Peptidyl-Serine Modification (GO:0018209)	1/166	0.2777331718645593	0.30292578258678704	0	0	3.15725677830941	4.0447441032211655	PAK2
Regulation Of Cytokine Production (GO:0001817)	1/167	0.2791533777769089	0.3038026826578722	0	0	3.1380786303107167	4.004169212205634	ALOX5
Double-Strand Break Repair (GO:0006302)	1/168	0.28057086257346253	0.30467276486501543	0	0	3.1191301607311694	3.9641928401456363	PARP1
Generation Of Neurons (GO:0048699)	1/172	0.286213691986492	0.3101172530754737	0	0	3.0455524776854417	3.8100366216388313	RUNX1
Neuron Differentiation (GO:0030182)	1/173	0.28761764719454536	0.31095504400638346	0	0	3.0276927784577725	3.772878500776779	RUNX1
Regulation Of Neuron Projection Development (GO:0010975)	1/174	0.28901891161237425	0.31178626570000106	0	0	3.0100395497414056	3.7362511879025977	PAK2
Positive Regulation Of I-kappaB kinase/NF-kappaB Signaling (GO:0043123)	1/175	0.2904174902525496	0.3126109665818929	0	0	2.9925892316999394	3.7001443701010737	PARP1
RNA Processing (GO:0006396)	1/183	0.30151003132987864	0.32384410772468447	0	0	2.85989010989011	3.428870944037054	MBNL1
Transcription By RNA Polymerase II (GO:0006366)	1/192	0.3137872266857031	0.3362980494696774	0	0	2.723890879030036	3.1570988788054453	PARP1
Regulation Of Programmed Cell Death (GO:0043067)	1/195	0.3178327048738865	0.3398948449085164	0	0	2.6813619099294628	3.073457783609278	IKZF3
Golgi Vesicle Transport (GO:0048193)	1/197	0.32051677031723486	0.3420233068536727	0	0	2.653732545649839	3.0194717656688694	UVRAG
Positive Regulation Of Cellular Process (GO:0048522)	2/594	0.32314758832128376	0.34338995374934045	0	0	1.768535427319211	1.9978192018277008	PPP3CA;TCL1A
DNA-templated Transcription (GO:0006351)	1/199	0.3231905447052616	0.34338995374934045	0	0	2.626661350345561	2.966848688176185	PARP1
Regulation Of MAPK Cascade (GO:0043408)	1/204	0.3298302092257462	0.3496909530070815	0	0	2.5613170858179934	2.840954704195769	PAK2
Positive Regulation Of Cell Motility (GO:2000147)	1/221	0.3519337446666771	0.3723247556237592	0	0	2.3613636363636363	2.46600119998208	PPP3CA
Apoptotic Process (GO:0006915)	1/228	0.3608272777470278	0.3809161625894747	0	0	2.2877347553906793	2.332015897984914	PARP1
Negative Regulation Of Intracellular Signal Transduction (GO:1902532)	1/231	0.36460228470369743	0.3832599709145476	0	0	2.2575514874141875	2.277752397722102	BANK1
Negative Regulation Of Multicellular Organismal Process (GO:0051241)	1/231	0.36460228470369743	0.3832599709145476	0	0	2.2575514874141875	2.277752397722102	PARP1
Regulation Of I-kappaB kinase/NF-kappaB Signaling (GO:0043122)	1/232	0.3658557860356591	0.3837593670544254	0	0	2.2476646160856686	2.260062847513625	PARP1
Inflammatory Response (GO:0006954)	1/236	0.37084574048049895	0.38816762220145645	0	0	2.2089585666293394	2.191218633973862	FOS
Regulation Of Inflammatory Response (GO:0050727)	1/240	0.37579742895570417	0.39251722982025883	0	0	2.1715481171548117	2.1253050728533736	ALOX5
Regulation Of Autophagy (GO:0010506)	1/241	0.3770294055797137	0.3929714523272703	0	0	2.162390350877193	2.109264951657486	UVRAG
Positive Regulation Of Programmed Cell Death (GO:0043068)	1/245	0.3819336632130426	0.39724324043044307	0	0	2.126509922346851	2.046783539532228	JUN
Positive Regulation Of Apoptotic Process (GO:0043065)	1/270	0.41174387286932285	0.4273467985780551	0	0	1.9264331833300723	1.70942778783731	JUN
Positive Regulation Of Cell Migration (GO:0030335)	1/272	0.41406722325396605	0.42885533837017914	0	0	1.9120217517964653	1.6858810947893648	PPP3CA
Chemical Synaptic Transmission (GO:0007268)	1/273	0.41522554318588395	0.42915344400553623	0	0	1.9048955108359134	1.6742763428933731	FCHSD2
Positive Regulation Of Cell Differentiation (GO:0045597)	1/283	0.42668671062587354	0.4400764609593215	0	0	1.8364128406121687	1.5640824277864227	PPP3CA
Transmembrane Receptor Protein Tyrosine Kinase Signaling Pathway (GO:0007169)	1/284	0.4278207155363298	0.4403248700614	0	0	1.829830760647201	1.5536197471176039	PAK2
Regulation Of Intracellular Signal Transduction (GO:1902531)	1/297	0.442365371126227	0.4543460999275623	0	0	1.7483108108108107	1.4259557020425717	PAK2
Regulation Of Cell Cycle (GO:0051726)	1/298	0.4434691475556877	0.4545328269125864	0	0	1.7423356370724792	1.4167402288062174	JUN
Cellular Response To Cytokine Stimulus (GO:0071345)	1/308	0.45439047967199075	0.46476038688442206	0	0	1.6847248414195097	1.3289081973890575	TCL1A
Positive Regulation Of Cytokine Production (GO:0001819)	1/320	0.46722063437243516	0.47689393943190583	0	0	1.6203596766210195	1.2330186627478028	RUNX1
Protein-Containing Complex Assembly (GO:0065003)	1/328	0.4756102472811713	0.48445423948268074	0	0	1.5800740383067762	1.174242400110372	UVRAG
Proteolysis (GO:0006508)	1/330	0.4776874536727676	0.485566834351906	0	0	1.570308750599904	1.1601419425673496	ADAM19
Positive Regulation Of Macromolecule Metabolic Process (GO:0010604)	1/364	0.5117974580654973	0.5191690263915435	0	0	1.4207626504277222	0.951664220464001	ADAM19
Vesicle-Mediated Transport (GO:0016192)	1/411	0.5553981805094576	0.5622408685650155	0	0	1.2548780487804878	0.7379561091931673	UVRAG
Nervous System Development (GO:0007399)	1/433	0.5744800115597981	0.5800342956693707	0	0	1.1896320662768032	0.6594011283446247	MBNL1
Regulation Of Cell Migration (GO:0030334)	1/434	0.5753281350554205	0.5800342956693707	0	0	1.186823872614562	0.6560937202317679	PPP3CA
Positive Regulation Of Gene Expression (GO:0010628)	1/480	0.6126107166332038	0.6163613944901418	0	0	1.0703219426436654	0.5244851425562277	ADAM19
Positive Regulation Of Cell Population Proliferation (GO:0008284)	1/483	0.6149281457523369	0.617432944716705	0	0	1.0634963965931425	0.5171249677607112	TCL1A
Regulation Of Gene Expression (GO:0010468)	2/1127	0.653600570317364	0.6544043772823751	0	0	0.9050330330330331	0.38487331847667966	ADAM19;MBNL1
Negative Regulation Of Cellular Process (GO:0048523)	1/537	0.6544043772823751	0.6544043772823751	0	0	0.9537018853102907	0.4043980241842463	ALOX5
